Nom;Prenom;Date Naissance
Tambay;Adrien;04/08/1996;O
Dubourg;Andrea;05/04/1968;O
Treluyer;Benoit;16/08/1989;O
Balas;Bertrand;18/05/1994;O
Jouet;Christophe;29/03/1977;O
Thoral;Didier;02/06/1980;O
Fontanel;Gerald;30/11/1970;O
Stievenart;Gilles;01/08/1974;O
Villeneuve;Jacques;18/05/1980;O
Wolff;Jacques;25/05/1997;O
Schlesser;Jean-Louis;02/04/1971;O
Richner;Jean-Luc;21/06/1971;O
Dayraut;Jean-Philippe;21/05/1974;O
Richelmi;Jean-Pierre;25/06/1994;O
Laffite;Margot;02/04/1971;O
Panis;Olivier;21/06/1971;O
Pernaut;Olivier;21/05/1974;O
Wambergue;Philippe;25/06/1994;O
Peterhansel;Stephane;16/08/1989;O
Pussier;Sylvain;18/05/1994;O
Heikkinen;Toomas;06/09/1987;O
Chianale;Dominique;16/08/1989;O
Benezet;Eddy;18/05/1994;O
Moinel;Emmanuel;29/03/1977;O
Lagorce;Franck;02/06/1980;O
Dubourg;Jean-Baptiste;30/11/1970;O
Lopez;Joel;01/08/1974;O
Berthon;Nathanael;02/04/1971;O
JIANG;Marc;02/06/1998;A
JIO;Bidon;12/05/1996;B
rez;rez;H;02/16/2002;A+;ffre
zerz;zrerdf;F;zrz;fefe;fe
